ticker,att_window,n_window,att_baseline_raw,att_baseline,g,usable_baseline_days,usable_baseline_frac,formation_ts,eligible
AAPL,1362.0,7593.0,6212.0,517.6666666666666,0.9661820156263055,360,1.0,2014-01-31 16:00:00-05:00,True
AAPL,1636.0,14853.0,5747.0,478.9166666666667,1.2270080996524628,360,1.0,2014-02-28 16:00:00-05:00,True
AAPL,1220.0,7574.0,5939.0,494.9166666666667,0.9010175722538527,360,1.0,2014-03-31 16:00:00-04:00,True
AAPL,1441.0,7517.0,5862.0,488.5,1.0804018558743298,360,1.0,2014-04-30 16:00:00-04:00,True
AAPL,1498.0,11588.0,5675.0,472.9166666666667,1.1515220005837987,360,1.0,2014-05-30 16:00:00-04:00,True
AAPL,1234.0,6999.0,5841.0,486.75,0.929023269558857,360,1.0,2014-06-30 16:00:00-04:00,True
AAPL,1861.0,13183.0,5778.0,481.5,1.3504255370579719,360,1.0,2014-07-31 16:00:00-04:00,True
AAPL,1193.0,5152.0,6145.0,512.0833333333334,0.844626018829338,360,1.0,2014-08-29 16:00:00-04:00,True
AAPL,2080.0,13686.0,6190.0,515.8333333333334,1.3928833765212403,360,1.0,2014-09-30 16:00:00-04:00,True
AAPL,1764.0,9598.0,6733.0,561.0833333333334,1.1442558505135407,360,1.0,2014-10-31 16:00:00-04:00,True
AAPL,1744.0,10097.0,6808.0,567.3333333333334,1.12180173358702,360,1.0,2014-11-28 16:00:00-05:00,True
AAPL,1619.0,11592.0,6942.0,578.5,1.0280157654466233,360,1.0,2014-12-31 16:00:00-05:00,True
AAPL,1673.0,9363.0,7196.0,599.6666666666666,1.0249311015492477,360,1.0,2015-01-30 16:00:00-05:00,True
AAPL,2105.0,14081.0,7222.0,601.8333333333334,1.2509049299698782,360,1.0,2015-02-27 16:00:00-05:00,True
AAPL,1493.0,6795.0,7445.0,620.4166666666666,0.8772105479369685,360,1.0,2015-03-31 16:00:00-04:00,True
AAPL,2144.0,16792.0,7600.0,633.3333333333334,1.2183202527340775,360,1.0,2015-04-30 16:00:00-04:00,True
AAPL,1378.0,5920.0,7998.0,666.5,0.7255744875188972,360,1.0,2015-05-29 16:00:00-04:00,True
AAPL,1274.0,5721.0,7954.0,662.8333333333334,0.6526703436389374,360,1.0,2015-06-30 16:00:00-04:00,True
AAPL,2694.0,17511.0,8034.0,669.5,1.3911297806213643,360,1.0,2015-07-31 16:00:00-04:00,True
AAPL,2815.0,18219.0,8522.0,710.1666666666666,1.3761659033179878,360,1.0,2015-08-31 16:00:00-04:00,True
AAPL,1895.0,10516.0,9203.0,766.9166666666666,0.9038204624990431,360,1.0,2015-09-30 16:00:00-04:00,True
AAPL,2149.0,14999.0,9027.0,752.25,1.0488259431112974,360,1.0,2015-10-30 16:00:00-04:00,True
AAPL,2052.0,13651.0,9109.0,759.0833333333334,0.993629340626776,360,1.0,2015-11-30 16:00:00-05:00,True
AAPL,2103.0,15103.0,9279.0,773.25,0.9997007550042891,360,1.0,2015-12-31 16:00:00-05:00,True
AAPL,3112.0,23407.0,9462.0,788.5,1.3719423367459118,360,1.0,2016-01-29 16:00:00-05:00,True
AAPL,2051.0,15063.0,10009.0,834.0833333333334,0.8990386860203312,360,1.0,2016-02-29 16:00:00-05:00,True
AAPL,1558.0,9117.0,10083.0,840.25,0.616910988098839,360,1.0,2016-03-31 16:00:00-04:00,True
AAPL,2397.0,14441.0,10189.0,849.0833333333334,1.037055951692941,360,1.0,2016-04-29 16:00:00-04:00,True
AAPL,2607.0,17573.0,10317.0,859.75,1.108534820827911,360,1.0,2016-05-31 16:00:00-04:00,True
AAPL,1885.0,13295.0,10903.0,908.5833333333334,0.7292268439973588,360,1.0,2016-06-30 16:00:00-04:00,True
AAPL,2204.0,10693.0,11191.0,932.5833333333334,0.8594525591102231,360,1.0,2016-07-29 16:00:00-04:00,True
AAPL,1481.0,7006.0,10975.0,914.5833333333334,0.4815864209431515,360,1.0,2016-08-31 16:00:00-04:00,True
AAPL,2176.0,12620.0,10528.0,877.3333333333334,0.9076768889271944,360,1.0,2016-09-30 16:00:00-04:00,True
AAPL,1972.0,11337.0,10702.0,891.8333333333334,0.7929105793697095,360,1.0,2016-10-31 16:00:00-04:00,True
AAPL,1908.0,12947.0,10807.0,900.5833333333334,0.7501823468261746,360,1.0,2016-11-30 16:00:00-05:00,True
AAPL,1557.0,10920.0,10827.0,902.25,0.5451588564029439,360,1.0,2016-12-30 16:00:00-05:00,True
AAPL,1439.0,8239.0,10576.0,881.3333333333334,0.489828479011055,360,1.0,2017-01-31 16:00:00-05:00,True
AAPL,1931.0,9865.0,9906.0,825.5,0.8491110975113845,360,1.0,2017-02-28 16:00:00-05:00,True
AAPL,1522.0,9168.0,10018.0,834.8333333333334,0.6000081217271811,360,1.0,2017-03-31 16:00:00-04:00,True
AAPL,1382.0,8296.0,10083.0,840.25,0.49712145070582103,360,1.0,2017-04-28 16:00:00-04:00,True
AAPL,2033.0,9934.0,9614.0,801.1666666666666,0.9304431765334513,360,1.0,2017-05-31 16:00:00-04:00,True
AAPL,2557.0,15432.0,9583.0,798.5833333333334,1.1628902234849887,360,1.0,2017-06-30 16:00:00-04:00,True
AAPL,1677.0,8807.0,10011.0,834.25,0.6976268057902857,360,1.0,2017-07-31 16:00:00-04:00,True
AAPL,2218.0,12207.0,9773.0,814.4166666666666,1.001112692890418,360,1.0,2017-08-31 16:00:00-04:00,True
AAPL,694.0,3314.0,10170.0,847.5,-0.19955823910948922,360,1.0,2017-09-29 16:00:00-04:00,False
AAPL,349.0,2270.0,9459.0,862.5227963525836,-0.9030871426998903,329,0.9138888888888889,2017-10-31 16:00:00-04:00,False
AAPL,418.0,2142.0,8779.0,880.8361204013378,-0.744135314287222,299,0.8305555555555556,2017-11-30 16:00:00-05:00,False
AAPL,391.0,2132.0,8188.0,909.7777777777778,-0.8430370955263493,270,0.75,2017-12-29 16:00:00-05:00,False
AAPL,2803.0,15979.0,7657.0,965.1680672268908,1.0654644464386536,238,0.6611111111111111,2018-01-31 16:00:00-05:00,True
AAPL,3962.0,24961.0,8429.0,1062.4789915966387,1.3154557127681636,238,0.6611111111111111,2018-02-28 16:00:00-05:00,True
AAPL,2193.0,12083.0,9771.0,1231.638655462185,0.5765692418851094,238,0.6611111111111111,2018-03-29 16:00:00-04:00,True
AAPL,2513.0,13093.0,10049.0,1266.6806722689075,0.6846861216190421,238,0.6611111111111111,2018-04-30 16:00:00-04:00,True
AAPL,2537.0,12966.0,10492.0,1322.5210084033613,0.6510807533645435,238,0.6611111111111111,2018-05-31 16:00:00-04:00,True
AAPL,1988.0,9807.0,10763.0,1356.6806722689075,0.3818541439910268,238,0.6611111111111111,2018-06-29 16:00:00-04:00,True
AAPL,2131.0,8504.0,10280.0,1295.7983193277312,0.4971621108801214,238,0.6611111111111111,2018-07-31 16:00:00-04:00,True
AAPL,3296.0,18042.0,10452.0,1317.4789915966387,0.9165341709687436,238,0.6611111111111111,2018-08-31 16:00:00-04:00,True
AAPL,3332.0,19307.0,10783.0,1342.2821576763486,0.9087568087833624,241,0.6694444444444444,2018-09-28 16:00:00-04:00,True
AAPL,3060.0,18774.0,12113.0,1326.2408759124087,0.8356394019355413,274,0.7611111111111111,2018-10-31 16:00:00-04:00,True
AAPL,6106.0,41797.0,13116.0,1294.342105263158,1.5506608200289058,304,0.8444444444444444,2018-11-30 16:00:00-05:00,True
AAPL,3562.0,23884.0,15684.0,1404.5373134328358,0.9301832274559461,335,0.9305555555555556,2018-12-31 16:00:00-05:00,True
AAPL,5230.0,27387.0,16449.0,1370.75,1.3385151674315265,360,1.0,2019-01-31 16:00:00-05:00,True
AAPL,3043.0,13916.0,16680.0,1390.0,0.7831495270581339,360,1.0,2019-02-28 16:00:00-05:00,True
AAPL,3156.0,17621.0,16614.0,1384.5,0.8235611242549581,360,1.0,2019-03-29 16:00:00-04:00,True
AAPL,2737.0,14267.0,17020.0,1418.3333333333333,0.6570404490630795,360,1.0,2019-04-30 16:00:00-04:00,True
AAPL,2974.0,15830.0,17104.0,1425.3333333333333,0.7351369902310223,360,1.0,2019-05-31 16:00:00-04:00,True
AAPL,2170.0,10897.0,17370.0,1447.5,0.40465935266888664,360,1.0,2019-06-28 16:00:00-04:00,True
AAPL,2007.0,8058.0,17416.0,1451.3333333333333,0.32396774336228695,360,1.0,2019-07-31 16:00:00-04:00,True
AAPL,2564.0,13886.0,17027.0,1418.9166666666667,0.5913602941776306,360,1.0,2019-08-30 16:00:00-04:00,True
AAPL,2206.0,10456.0,17054.0,1421.1666666666667,0.4394525969482066,360,1.0,2019-09-30 16:00:00-04:00,True
AAPL,3160.0,18418.0,16748.0,1395.6666666666667,0.8167999879675438,360,1.0,2019-10-31 16:00:00-04:00,True
AAPL,2607.0,13921.0,16052.0,1337.6666666666667,0.6669095503430889,360,1.0,2019-11-29 16:00:00-05:00,True
AAPL,2831.0,19218.0,15335.0,1277.9166666666667,0.7949698104265162,360,1.0,2019-12-31 16:00:00-05:00,True
AAPL,4734.0,29496.0,14242.0,1186.8333333333333,1.3828508073463635,360,1.0,2020-01-31 16:00:00-05:00,True
AAPL,4265.0,24474.0,14682.0,1223.5,1.2481440226390728,360,1.0,2020-02-28 16:00:00-05:00,True
AAPL,4811.0,33094.0,15604.0,1300.3333333333333,1.3077234182296955,360,1.0,2020-03-31 16:00:00-04:00,True
AAPL,3736.0,20750.0,16503.0,1375.25,0.998920741448595,360,1.0,2020-04-30 16:00:00-04:00,True
AAPL,4449.0,22576.0,16695.0,1391.25,1.1619829526905079,360,1.0,2020-05-29 16:00:00-04:00,True
AAPL,4413.0,23817.0,17539.0,1461.5833333333333,1.1045770292769923,360,1.0,2020-06-30 16:00:00-04:00,True
AMZN,788.0,2717.0,2668.0,222.33333333333334,1.2621008971289713,360,1.0,2014-01-31 16:00:00-05:00,True
AMZN,898.0,3565.0,2620.0,218.33333333333334,1.4106903918144127,360,1.0,2014-02-28 16:00:00-05:00,True
AMZN,616.0,2213.0,2844.0,237.0,0.952598350233913,360,1.0,2014-03-31 16:00:00-04:00,True
AMZN,855.0,3174.0,2904.0,242.0,1.2592089328011937,360,1.0,2014-04-30 16:00:00-04:00,True
AMZN,501.0,1792.0,3105.0,258.75,0.6588804897123923,360,1.0,2014-05-30 16:00:00-04:00,True
AMZN,639.0,2188.0,3152.0,262.6666666666667,0.8867824972541731,360,1.0,2014-06-30 16:00:00-04:00,True
AMZN,621.0,1894.0,3293.0,274.4166666666667,0.8146549902413929,360,1.0,2014-07-31 16:00:00-04:00,True
AMZN,524.0,1659.0,3294.0,274.5,0.6448106339986541,360,1.0,2014-08-29 16:00:00-04:00,True
AMZN,590.0,1948.0,3310.0,275.8333333333333,0.7584003770208589,360,1.0,2014-09-30 16:00:00-04:00,True
AMZN,712.0,2182.0,3428.0,285.6666666666667,0.9111613198348518,360,1.0,2014-10-31 16:00:00-04:00,True
AMZN,746.0,2986.0,3442.0,286.8333333333333,0.9536835762141935,360,1.0,2014-11-28 16:00:00-05:00,True
AMZN,560.0,2249.0,3533.0,294.4166666666667,0.6413341163444679,360,1.0,2014-12-31 16:00:00-05:00,True
AMZN,749.0,2734.0,3543.0,295.25,0.9288695140810148,360,1.0,2015-01-30 16:00:00-05:00,True
AMZN,740.0,2569.0,3469.0,289.0833333333333,0.937832387272648,360,1.0,2015-02-27 16:00:00-05:00,True
AMZN,482.0,2000.0,3470.0,289.1666666666667,0.5095611831124378,360,1.0,2015-03-31 16:00:00-04:00,True
AMZN,709.0,2400.0,3389.0,282.4166666666667,0.9183468348161661,360,1.0,2015-04-30 16:00:00-04:00,True
AMZN,483.0,1576.0,3391.0,282.5833333333333,0.5345788820037267,360,1.0,2015-05-29 16:00:00-04:00,True
AMZN,510.0,1685.0,3353.0,279.4166666666667,0.6000929979128768,360,1.0,2015-06-30 16:00:00-04:00,True
AMZN,1448.0,6258.0,3300.0,275.0,1.6582280766035327,360,1.0,2015-07-31 16:00:00-04:00,True
AMZN,818.0,3382.0,3836.0,319.6666666666667,0.9376819218554733,360,1.0,2015-08-31 16:00:00-04:00,True
AMZN,657.0,2593.0,3957.0,329.75,0.687842128330252,360,1.0,2015-09-30 16:00:00-04:00,True
AMZN,963.0,3279.0,3952.0,329.3333333333333,1.0709890489486673,360,1.0,2015-10-30 16:00:00-04:00,True
AMZN,915.0,3284.0,4071.0,339.25,0.9903357231425547,360,1.0,2015-11-30 16:00:00-05:00,True
AMZN,873.0,3382.0,4108.0,342.3333333333333,0.9343785830999636,360,1.0,2015-12-31 16:00:00-05:00,True
AMZN,1411.0,5674.0,4255.0,354.5833333333333,1.3790027846531876,360,1.0,2016-01-29 16:00:00-05:00,True
AMZN,1043.0,4428.0,4591.0,382.5833333333333,1.0012578744133425,360,1.0,2016-02-29 16:00:00-05:00,True
AMZN,767.0,3144.0,4718.0,393.1666666666667,0.6670159014496937,360,1.0,2016-03-31 16:00:00-04:00,True
AMZN,975.0,3551.0,4848.0,404.0,0.8795755193065533,360,1.0,2016-04-29 16:00:00-04:00,True
AMZN,1024.0,4094.0,4971.0,414.25,0.9035671430791048,360,1.0,2016-05-31 16:00:00-04:00,True
AMZN,843.0,3368.0,5201.0,433.4166666666667,0.6641483596158517,360,1.0,2016-06-30 16:00:00-04:00,True
AMZN,1466.0,6077.0,5324.0,443.6666666666667,1.1936498403355218,360,1.0,2016-07-29 16:00:00-04:00,True
AMZN,712.0,2103.0,5345.0,445.4166666666667,0.4682286743213355,360,1.0,2016-08-31 16:00:00-04:00,True
AMZN,842.0,3037.0,5324.0,443.6666666666667,0.6396420201943958,360,1.0,2016-09-30 16:00:00-04:00,True
AMZN,1078.0,3724.0,5423.0,451.9166666666667,0.8680818154908252,360,1.0,2016-10-31 16:00:00-04:00,True
AMZN,1323.0,5924.0,5533.0,461.0833333333333,1.0526674865004866,360,1.0,2016-11-30 16:00:00-05:00,True
AMZN,1094.0,5201.0,5761.0,480.0833333333333,0.8224691369776682,360,1.0,2016-12-30 16:00:00-05:00,True
AMZN,1110.0,5415.0,5859.0,488.25,0.820142183363445,360,1.0,2017-01-31 16:00:00-05:00,True
AMZN,1545.0,5966.0,5702.0,475.1666666666667,1.1776582961446485,360,1.0,2017-02-28 16:00:00-05:00,True
AMZN,890.0,4087.0,6026.0,502.1666666666667,0.5714229669920252,360,1.0,2017-03-31 16:00:00-04:00,True
AMZN,1447.0,6376.0,6061.0,505.0833333333333,1.0512372268360863,360,1.0,2017-04-28 16:00:00-04:00,True
AMZN,1305.0,4933.0,6323.0,526.9166666666666,0.9057858668691372,360,1.0,2017-05-31 16:00:00-04:00,True
AMZN,1831.0,7437.0,6522.0,543.5,1.2132956028610602,360,1.0,2017-06-30 16:00:00-04:00,True
AMZN,2596.0,10862.0,7085.0,590.4166666666666,1.4795914229257656,360,1.0,2017-07-31 16:00:00-04:00,True
AMZN,1545.0,6665.0,7737.0,644.75,0.8730137971714171,360,1.0,2017-08-31 16:00:00-04:00,True
AMZN,370.0,1638.0,8024.0,668.6666666666666,-0.5905780135393899,360,1.0,2017-09-29 16:00:00-04:00,False
AMZN,186.0,1394.0,7805.0,711.7021276595744,-1.3379549429996649,329,0.9138888888888889,2017-10-31 16:00:00-04:00,False
AMZN,179.0,1086.0,7480.0,750.5016722408027,-1.4291165835043387,299,0.8305555555555556,2017-11-30 16:00:00-05:00,False
AMZN,329.0,1628.0,7051.0,783.4444444444445,-0.865883098690543,270,0.75,2017-12-29 16:00:00-05:00,False
AMZN,1637.0,6202.0,6662.0,839.7478991596639,0.6669394125651138,238,0.6611111111111111,2018-01-31 16:00:00-05:00,True
AMZN,2072.0,8631.0,6854.0,863.9495798319327,0.8740808964144202,238,0.6611111111111111,2018-02-28 16:00:00-05:00,True
AMZN,2123.0,11743.0,7513.0,947.0168067226891,0.8066841516535259,238,0.6611111111111111,2018-03-29 16:00:00-04:00,True
AMZN,2507.0,14865.0,8140.0,1026.0504201680671,0.8927945984158523,238,0.6611111111111111,2018-04-30 16:00:00-04:00,True
AMZN,1459.0,6435.0,8737.0,1101.3025210084033,0.2810352426919076,238,0.6611111111111111,2018-05-31 16:00:00-04:00,True
AMZN,1839.0,9346.0,8806.0,1110.0,0.5045050609634005,238,0.6611111111111111,2018-06-29 16:00:00-04:00,True
AMZN,2482.0,12018.0,8752.0,1103.1932773109243,0.810352503966083,238,0.6611111111111111,2018-07-31 16:00:00-04:00,True
AMZN,2012.0,9537.0,8343.0,1051.638655462185,0.6483261296036247,238,0.6611111111111111,2018-08-31 16:00:00-04:00,True
AMZN,2342.0,12296.0,8329.0,1036.804979253112,0.8143242736929004,241,0.6694444444444444,2018-09-28 16:00:00-04:00,True
AMZN,3081.0,16699.0,9233.0,1010.9124087591241,1.1137367223881052,274,0.7611111111111111,2018-10-31 16:00:00-04:00,True
AMZN,1911.0,9001.0,10480.0,1034.2105263157894,0.6135450015278945,304,0.8444444444444444,2018-11-30 16:00:00-05:00,True
AMZN,2438.0,16418.0,10996.0,984.7164179104477,0.9059746935906663,335,0.9305555555555556,2018-12-31 16:00:00-05:00,True
AMZN,2206.0,15139.0,11667.0,972.25,0.8187484197661714,360,1.0,2019-01-31 16:00:00-05:00,True
AMZN,2331.0,12822.0,11565.0,963.75,0.8826125470526547,360,1.0,2019-02-28 16:00:00-05:00,True
AMZN,1814.0,14053.0,11808.0,984.0,0.611199105526862,360,1.0,2019-03-29 16:00:00-04:00,True
AMZN,1925.0,12959.0,11505.0,958.75,0.6965277584771643,360,1.0,2019-04-30 16:00:00-04:00,True
AMZN,1627.0,10914.0,11339.0,944.9166666666666,0.5429530715951465,360,1.0,2019-05-31 16:00:00-04:00,True
AMZN,1399.0,6896.0,11407.0,950.5833333333334,0.38610025168970186,360,1.0,2019-06-28 16:00:00-04:00,True
AMZN,2052.0,9878.0,11231.0,935.9166666666666,0.7844630750571744,360,1.0,2019-07-31 16:00:00-04:00,True
AMZN,1770.0,9810.0,11009.0,917.4166666666666,0.6566484648792921,360,1.0,2019-08-30 16:00:00-04:00,True
AMZN,1340.0,5910.0,10944.0,912.0,0.38443500268671027,360,1.0,2019-09-30 16:00:00-04:00,True
AMZN,1758.0,9862.0,10493.0,874.4166666666666,0.6978007812464577,360,1.0,2019-10-31 16:00:00-04:00,True
AMZN,1297.0,5802.0,9953.0,829.4166666666666,0.4466523144051404,360,1.0,2019-11-29 16:00:00-05:00,True
AMZN,1806.0,9713.0,9643.0,803.5833333333334,0.8090987455176144,360,1.0,2019-12-31 16:00:00-05:00,True
AMZN,2431.0,10222.0,9450.0,787.5,1.126336836682965,360,1.0,2020-01-31 16:00:00-05:00,True
AMZN,2812.0,12458.0,9122.0,760.1666666666666,1.3071544645329123,360,1.0,2020-02-28 16:00:00-05:00,True
AMZN,2774.0,15472.0,9712.0,809.3333333333334,1.230960340532521,360,1.0,2020-03-31 16:00:00-04:00,True
AMZN,3253.0,14841.0,10355.0,862.9166666666666,1.3261639742438716,360,1.0,2020-04-30 16:00:00-04:00,True
AMZN,2755.0,9795.0,11087.0,923.9166666666666,1.0918319887695702,360,1.0,2020-05-29 16:00:00-04:00,True
AMZN,2925.0,12105.0,11813.0,984.4166666666666,1.088327018007936,360,1.0,2020-06-30 16:00:00-04:00,True
BA,36.0,52.0,187.0,15.583333333333334,0.8025197377077324,360,1.0,2014-01-31 16:00:00-05:00,True
BA,31.0,57.0,192.0,16.0,0.6325225587435104,360,1.0,2014-02-28 16:00:00-05:00,True
BA,26.0,38.0,205.0,17.083333333333332,0.40084616225186975,360,1.0,2014-03-31 16:00:00-04:00,True
BA,33.0,39.0,208.0,17.333333333333332,0.6176396280518004,360,1.0,2014-04-30 16:00:00-04:00,True
BA,34.0,44.0,205.0,17.083333333333332,0.6603573577369541,360,1.0,2014-05-30 16:00:00-04:00,True
BA,21.0,29.0,224.0,18.666666666666668,0.11211729812070637,360,1.0,2014-06-30 16:00:00-04:00,True
BA,24.0,28.0,226.0,18.833333333333332,0.23151180098472635,360,1.0,2014-07-31 16:00:00-04:00,True
BA,26.0,34.0,214.0,17.833333333333332,0.3602085165200437,360,1.0,2014-08-29 16:00:00-04:00,True
BA,23.0,37.0,225.0,18.75,0.19490033900081505,360,1.0,2014-09-30 16:00:00-04:00,True
BA,21.0,26.0,236.0,19.666666666666668,0.06252035698133396,360,1.0,2014-10-31 16:00:00-04:00,True
BA,28.0,39.0,226.0,18.833333333333332,0.3799318061029999,360,1.0,2014-11-28 16:00:00-05:00,True
BA,22.0,26.0,221.0,18.416666666666668,0.16936241215144943,360,1.0,2014-12-31 16:00:00-05:00,True
BA,64.0,89.0,223.0,18.583333333333332,1.1997084055394782,360,1.0,2015-01-30 16:00:00-05:00,True
BA,57.0,98.0,231.0,19.25,1.0522882169938708,360,1.0,2015-02-27 16:00:00-05:00,True
BA,27.0,53.0,253.0,21.083333333333332,0.23738133397698213,360,1.0,2015-03-31 16:00:00-04:00,True
BA,32.0,56.0,253.0,21.083333333333332,0.40168438526825856,360,1.0,2015-04-30 16:00:00-04:00,True
BA,24.0,51.0,255.0,21.25,0.11653381625595127,360,1.0,2015-05-29 16:00:00-04:00,True
BA,16.0,25.0,245.0,20.416666666666668,-0.23095609105100356,360,1.0,2015-06-30 16:00:00-04:00,True
BA,29.0,35.0,234.0,19.5,0.3807724955177929,360,1.0,2015-07-31 16:00:00-04:00,True
BA,27.0,54.0,238.0,19.833333333333332,0.2956502421009577,360,1.0,2015-08-31 16:00:00-04:00,True
BA,32.0,49.0,229.0,19.083333333333332,0.4966172777638258,360,1.0,2015-09-30 16:00:00-04:00,True
BA,30.0,52.0,230.0,19.166666666666668,0.42995612811646033,360,1.0,2015-10-30 16:00:00-04:00,True
BA,13.0,19.0,237.0,19.75,-0.39348891706144906,360,1.0,2015-11-30 16:00:00-05:00,True
BA,49.0,66.0,232.0,19.333333333333332,0.8997614299229446,360,1.0,2015-12-31 16:00:00-05:00,True
BA,92.0,156.0,248.0,20.666666666666668,1.4568245119257286,360,1.0,2016-01-29 16:00:00-05:00,True
BA,46.0,75.0,272.0,22.666666666666668,0.6860800133368525,360,1.0,2016-02-29 16:00:00-05:00,True
BA,29.0,44.0,264.0,22.0,0.2657031657330058,360,1.0,2016-03-31 16:00:00-04:00,True
BA,53.0,79.0,257.0,21.416666666666668,0.8791793167504358,360,1.0,2016-04-29 16:00:00-04:00,True
BA,22.0,40.0,283.0,23.583333333333332,-0.06657449062266974,360,1.0,2016-05-31 16:00:00-04:00,True
BA,23.0,33.0,283.0,23.583333333333332,-0.02401487620387366,360,1.0,2016-06-30 16:00:00-04:00,True
BA,40.0,53.0,282.0,23.5,0.5148989491536264,360,1.0,2016-07-29 16:00:00-04:00,True
BA,12.0,17.0,286.0,23.833333333333332,-0.6472374792558675,360,1.0,2016-08-31 16:00:00-04:00,True
BA,21.0,23.0,281.0,23.416666666666668,-0.1042235058707508,360,1.0,2016-09-30 16:00:00-04:00,True
BA,49.0,74.0,280.0,23.333333333333332,0.7201758529478646,360,1.0,2016-10-31 16:00:00-04:00,True
BA,20.0,31.0,291.0,24.25,-0.18430371799794587,360,1.0,2016-11-30 16:00:00-05:00,True
BA,51.0,68.0,294.0,24.5,0.7125652664170472,360,1.0,2016-12-30 16:00:00-05:00,True
BA,20.0,27.0,295.0,24.583333333333332,-0.1974186600757739,360,1.0,2017-01-31 16:00:00-05:00,True
BA,23.0,45.0,251.0,20.916666666666668,0.09080644795818138,360,1.0,2017-02-28 16:00:00-05:00,True
BA,13.0,17.0,240.0,20.0,-0.4054651081081646,360,1.0,2017-03-31 16:00:00-04:00,True
BA,14.0,30.0,233.0,19.416666666666668,-0.30830135965451655,360,1.0,2017-04-28 16:00:00-04:00,True
BA,20.0,24.0,201.0,16.75,0.16813692180199835,360,1.0,2017-05-31 16:00:00-04:00,True
BA,27.0,50.0,200.0,16.666666666666668,0.4605248852911914,360,1.0,2017-06-30 16:00:00-04:00,True
BA,38.0,87.0,205.0,17.083333333333332,0.7685709423771869,360,1.0,2017-07-31 16:00:00-04:00,True
BA,37.0,73.0,206.0,17.166666666666668,0.7379977467252967,360,1.0,2017-08-31 16:00:00-04:00,True
BA,11.0,25.0,217.0,18.083333333333332,-0.4639087039782388,360,1.0,2017-09-29 16:00:00-04:00,False
BA,8.0,27.0,204.0,18.601823708206688,-0.7783980309087859,329,0.9138888888888889,2017-10-31 16:00:00-04:00,False
BA,8.0,26.0,178.0,17.859531772575252,-0.7397938730802762,299,0.8305555555555556,2017-11-30 16:00:00-05:00,False
BA,17.0,35.0,167.0,18.555555555555557,-0.08288765980576818,270,0.75,2017-12-29 16:00:00-05:00,False
BA,188.0,432.0,127.0,16.008403361344538,2.4080394777638157,238,0.6611111111111111,2018-01-31 16:00:00-05:00,True
BA,203.0,564.0,260.0,32.773109243697476,1.7984550925065443,238,0.6611111111111111,2018-02-28 16:00:00-05:00,True
BA,222.0,690.0,395.0,49.78991596638655,1.4794739411790183,238,0.6611111111111111,2018-03-29 16:00:00-04:00,True
BA,194.0,533.0,522.0,65.7983193277311,1.0713216381021633,238,0.6611111111111111,2018-04-30 16:00:00-04:00,True
BA,107.0,318.0,615.0,77.52100840336135,0.3187650151677408,238,0.6611111111111111,2018-05-31 16:00:00-04:00,True
BA,122.0,315.0,646.0,81.42857142857143,0.4002522379196307,238,0.6611111111111111,2018-06-29 16:00:00-04:00,True
BA,134.0,284.0,696.0,87.73109243697479,0.41966441574344504,238,0.6611111111111111,2018-07-31 16:00:00-04:00,True
BA,93.0,208.0,734.0,92.52100840336135,0.00510868240810769,238,0.6611111111111111,2018-08-31 16:00:00-04:00,True
BA,112.0,301.0,756.0,94.10788381742739,0.172375952308629,241,0.6694444444444444,2018-09-28 16:00:00-04:00,True
BA,218.0,466.0,805.0,88.13868613138686,0.8988783017898578,274,0.7611111111111111,2018-10-31 16:00:00-04:00,True
BA,126.0,304.0,920.0,90.78947368421052,0.3246894611561064,304,0.8444444444444444,2018-11-30 16:00:00-05:00,True
BA,169.0,489.0,968.0,86.68656716417911,0.6620297174288687,335,0.9305555555555556,2018-12-31 16:00:00-05:00,True
BA,202.0,476.0,1039.0,86.58333333333333,0.8406152579528365,360,1.0,2019-01-31 16:00:00-05:00,True
BA,241.0,582.0,997.0,83.08333333333333,1.0571293555910781,360,1.0,2019-02-28 16:00:00-05:00,True
BA,481.0,1464.0,1015.0,84.58333333333333,1.7284535539100423,360,1.0,2019-03-29 16:00:00-04:00,True
BA,321.0,911.0,1210.0,100.83333333333333,1.1512140556008683,360,1.0,2019-04-30 16:00:00-04:00,True
BA,209.0,471.0,1273.0,106.08333333333333,0.6735001831761487,360,1.0,2019-05-31 16:00:00-04:00,True
BA,139.0,369.0,1327.0,110.58333333333333,0.22687072670613162,360,1.0,2019-06-28 16:00:00-04:00,True
BA,182.0,467.0,1347.0,112.25,0.47988838847827786,360,1.0,2019-07-31 16:00:00-04:00,True
BA,152.0,399.0,1381.0,115.08333333333333,0.27612959740063037,360,1.0,2019-08-30 16:00:00-04:00,True
BA,110.0,279.0,1416.0,118.0,-0.06959329179919571,360,1.0,2019-09-30 16:00:00-04:00,True
BA,185.0,439.0,1404.0,117.0,0.45506204924753657,360,1.0,2019-10-31 16:00:00-04:00,True
BA,135.0,346.0,1389.0,115.75,0.15261998918704567,360,1.0,2019-11-29 16:00:00-05:00,True
BA,238.0,646.0,1393.0,116.08333333333333,0.713577619951665,360,1.0,2019-12-31 16:00:00-05:00,True
BA,451.0,1146.0,1439.0,119.91666666666667,1.3185805767360437,360,1.0,2020-01-31 16:00:00-05:00,True
BA,260.0,633.0,1605.0,133.75,0.6610991975335869,360,1.0,2020-02-28 16:00:00-05:00,True
BA,896.0,2667.0,1651.0,137.58333333333334,1.8675840326538689,360,1.0,2020-03-31 16:00:00-04:00,True
BA,678.0,1793.0,2019.0,168.25,1.389244215766312,360,1.0,2020-04-30 16:00:00-04:00,True
BA,509.0,1312.0,2243.0,186.91666666666666,0.9984121235695929,360,1.0,2020-05-29 16:00:00-04:00,True
BA,871.0,2952.0,2426.0,202.16666666666666,1.456762763655763,360,1.0,2020-06-30 16:00:00-04:00,True
GOOG,430.0,1030.0,1753.0,146.08333333333334,1.0751087705243503,360,1.0,2014-01-31 16:00:00-05:00,True
GOOG,656.0,2277.0,1737.0,144.75,1.5057911932540087,360,1.0,2014-02-28 16:00:00-05:00,True
GOOG,845.0,3430.0,1933.0,161.08333333333334,1.6524087533416765,360,1.0,2014-03-31 16:00:00-04:00,True
GOOG,1109.0,3750.0,2193.0,182.75,1.798539156213434,360,1.0,2014-04-30 16:00:00-04:00,True
GOOG,554.0,1814.0,2626.0,218.83333333333334,0.9260984302571744,360,1.0,2014-05-30 16:00:00-04:00,True
GOOG,557.0,1923.0,2729.0,227.41666666666666,0.8931875158665257,360,1.0,2014-06-30 16:00:00-04:00,True
GOOG,579.0,1824.0,2825.0,235.41666666666666,0.8974323185196136,360,1.0,2014-07-31 16:00:00-04:00,True
GOOG,462.0,1244.0,2919.0,243.25,0.6395347631633417,360,1.0,2014-08-29 16:00:00-04:00,True
GOOG,475.0,1390.0,3008.0,250.66666666666666,0.6373123936505056,360,1.0,2014-09-30 16:00:00-04:00,True
GOOG,698.0,2252.0,3131.0,260.9166666666667,0.981624355224243,360,1.0,2014-10-31 16:00:00-04:00,True
GOOG,405.0,1214.0,3259.0,271.5833333333333,0.39840878185134887,360,1.0,2014-11-28 16:00:00-05:00,True
GOOG,442.0,1238.0,3299.0,274.9166666666667,0.4734708822858895,360,1.0,2014-12-31 16:00:00-05:00,True
GOOG,677.0,2008.0,3388.0,282.3333333333333,0.8725232271241428,360,1.0,2015-01-30 16:00:00-05:00,True
GOOG,668.0,2172.0,3435.0,286.25,0.845431143399364,360,1.0,2015-02-27 16:00:00-05:00,True
GOOG,487.0,1531.0,3513.0,292.75,0.5075863403947789,360,1.0,2015-03-31 16:00:00-04:00,True
GOOG,579.0,1850.0,3306.0,275.5,0.7408172825780754,360,1.0,2015-04-30 16:00:00-04:00,True
GOOG,436.0,1199.0,3129.0,260.75,0.5125433453449437,360,1.0,2015-05-29 16:00:00-04:00,True
GOOG,423.0,1217.0,3065.0,255.41666666666666,0.5029297296979163,360,1.0,2015-06-30 16:00:00-04:00,True
GOOG,955.0,3083.0,3056.0,254.66666666666666,1.318883400352254,360,1.0,2015-07-31 16:00:00-04:00,True
GOOG,724.0,1973.0,3301.0,275.0833333333333,0.9654689023427796,360,1.0,2015-08-31 16:00:00-04:00,True
GOOG,435.0,1272.0,3438.0,286.5,0.41641938311162896,360,1.0,2015-09-30 16:00:00-04:00,True
GOOG,682.0,1934.0,3441.0,286.75,0.8644028119687981,360,1.0,2015-10-30 16:00:00-04:00,True
GOOG,457.0,1217.0,3413.0,284.4166666666667,0.47291908320586007,360,1.0,2015-11-30 16:00:00-05:00,True
GOOG,479.0,1368.0,3413.0,284.4166666666667,0.5198360029936113,360,1.0,2015-12-31 16:00:00-05:00,True
GOOG,640.0,1669.0,3468.0,289.0,0.7931485339401503,360,1.0,2016-01-29 16:00:00-05:00,True
GOOG,899.0,3097.0,3473.0,289.4166666666667,1.131078089917687,360,1.0,2016-02-29 16:00:00-05:00,True
GOOG,397.0,1187.0,3654.0,304.5,0.26450222667278744,360,1.0,2016-03-31 16:00:00-04:00,True
GOOG,862.0,2726.0,3645.0,303.75,1.0409229227220465,360,1.0,2016-04-29 16:00:00-04:00,True
GOOG,520.0,1607.0,3809.0,317.4166666666667,0.4923892440944675,360,1.0,2016-05-31 16:00:00-04:00,True
GOOG,499.0,1543.0,3865.0,322.0833333333333,0.43669781053926293,360,1.0,2016-06-30 16:00:00-04:00,True
GOOG,585.0,1480.0,3902.0,325.1666666666667,0.5859112914089906,360,1.0,2016-07-29 16:00:00-04:00,True
GOOG,353.0,905.0,3701.0,308.4166666666667,0.1346081087446942,360,1.0,2016-08-31 16:00:00-04:00,True
GOOG,451.0,1137.0,3519.0,293.25,0.42925243369184507,360,1.0,2016-09-30 16:00:00-04:00,True
GOOG,744.0,2106.0,3566.0,297.1666666666667,0.9157316040988954,360,1.0,2016-10-31 16:00:00-04:00,True
GOOG,504.0,1428.0,3639.0,303.25,0.5067086974077233,360,1.0,2016-11-30 16:00:00-05:00,True
GOOG,379.0,1084.0,3681.0,306.75,0.2108834876558685,360,1.0,2016-12-30 16:00:00-05:00,True
GOOG,489.0,1467.0,3634.0,302.8333333333333,0.47792608565406436,360,1.0,2017-01-31 16:00:00-05:00,True
GOOG,316.0,863.0,3402.0,283.5,0.10816852031089486,360,1.0,2017-02-28 16:00:00-05:00,True
GOOG,338.0,1206.0,3299.0,274.9166666666667,0.20590121962120378,360,1.0,2017-03-31 16:00:00-04:00,True
GOOG,460.0,1254.0,3305.0,275.4166666666667,0.5114886538375965,360,1.0,2017-04-28 16:00:00-04:00,True
GOOG,454.0,1306.0,3053.0,254.41666666666666,0.577401220368639,360,1.0,2017-05-31 16:00:00-04:00,True
GOOG,580.0,1789.0,3075.0,256.25,0.8147023821377521,360,1.0,2017-06-30 16:00:00-04:00,True
GOOG,750.0,2277.0,3154.0,262.8333333333333,1.0460880611111776,360,1.0,2017-07-31 16:00:00-04:00,True
GOOG,464.0,1192.0,3280.0,273.3333333333333,0.5276934935783961,360,1.0,2017-08-31 16:00:00-04:00,True
GOOG,126.0,427.0,3312.0,276.0,-0.7798304197287473,360,1.0,2017-09-29 16:00:00-04:00,False
GOOG,79.0,437.0,3021.0,275.4711246200608,-1.2400797490812838,329,0.9138888888888889,2017-10-31 16:00:00-04:00,False
GOOG,75.0,303.0,2744.0,275.31772575250835,-1.2908180435936139,299,0.8305555555555556,2017-11-30 16:00:00-05:00,False
GOOG,80.0,262.0,2523.0,280.3333333333333,-1.2450910512554083,270,0.75,2017-12-29 16:00:00-05:00,False
GOOG,457.0,1257.0,2340.0,294.9579831932773,0.4366516885371512,238,0.6611111111111111,2018-01-31 16:00:00-05:00,True
GOOG,627.0,1807.0,2398.0,302.2689075630252,0.7279202708332928,238,0.6611111111111111,2018-02-28 16:00:00-05:00,True
GOOG,642.0,1853.0,2612.0,329.2436974789916,0.6663138651081537,238,0.6611111111111111,2018-03-29 16:00:00-04:00,True
GOOG,964.0,2814.0,2810.0,354.20168067226894,0.9994423586097865,238,0.6611111111111111,2018-04-30 16:00:00-04:00,True
GOOG,456.0,1282.0,3161.0,398.4453781512605,0.13460636056442254,238,0.6611111111111111,2018-05-31 16:00:00-04:00,True
GOOG,537.0,1687.0,3154.0,397.56302521008405,0.2999929183262493,238,0.6611111111111111,2018-06-29 16:00:00-04:00,True
GOOG,894.0,2566.0,3080.0,388.2352941176471,0.8326396883190119,238,0.6611111111111111,2018-07-31 16:00:00-04:00,True
GOOG,631.0,1996.0,3117.0,392.89915966386553,0.47279445754656724,238,0.6611111111111111,2018-08-31 16:00:00-04:00,True
GOOG,615.0,1909.0,3146.0,391.6182572614108,0.45040917930473245,241,0.6694444444444444,2018-09-28 16:00:00-04:00,True
GOOG,963.0,2528.0,3420.0,374.45255474452557,0.9429591836011193,274,0.7611111111111111,2018-10-31 16:00:00-04:00,True
GOOG,594.0,1606.0,3874.0,382.30263157894734,0.439736567597123,304,0.8444444444444444,2018-11-30 16:00:00-05:00,True
GOOG,576.0,1634.0,4123.0,369.2238805970149,0.4437343611639166,335,0.9305555555555556,2018-12-31 16:00:00-05:00,True
GOOG,441.0,1256.0,4296.0,358.0,0.20798749358941926,360,1.0,2019-01-31 16:00:00-05:00,True
GOOG,776.0,2243.0,4213.0,351.0833333333333,0.7915724603643737,360,1.0,2019-02-28 16:00:00-05:00,True
GOOG,547.0,1785.0,4363.0,363.5833333333333,0.4075201379443012,360,1.0,2019-03-29 16:00:00-04:00,True
GOOG,838.0,2177.0,4333.0,361.0833333333333,0.840336318555714,360,1.0,2019-04-30 16:00:00-04:00,True
GOOG,559.0,1454.0,4330.0,360.8333333333333,0.43675308307895744,360,1.0,2019-05-31 16:00:00-04:00,True
GOOG,684.0,1584.0,4376.0,364.6666666666667,0.6276966666551047,360,1.0,2019-06-28 16:00:00-04:00,True
GOOG,630.0,1667.0,4473.0,372.75,0.5237187378363162,360,1.0,2019-07-31 16:00:00-04:00,True
GOOG,417.0,1225.0,4313.0,359.4166666666667,0.14822066294677683,360,1.0,2019-08-30 16:00:00-04:00,True
GOOG,332.0,971.0,4223.0,351.9166666666667,-0.058089467317710586,360,1.0,2019-09-30 16:00:00-04:00,True
GOOG,634.0,1848.0,4123.0,343.5833333333333,0.6112890412229,360,1.0,2019-10-31 16:00:00-04:00,True
GOOG,476.0,1561.0,3933.0,327.75,0.3722189073963671,360,1.0,2019-11-29 16:00:00-05:00,True
GOOG,351.0,1189.0,3876.0,323.0,0.08288765980576773,360,1.0,2019-12-31 16:00:00-05:00,True
GOOG,520.0,1576.0,3736.0,311.3333333333333,0.5116790481830549,360,1.0,2020-01-31 16:00:00-05:00,True
GOOG,992.0,3116.0,3782.0,315.1666666666667,1.1444611633382138,360,1.0,2020-02-28 16:00:00-05:00,True
GOOG,801.0,3177.0,3955.0,329.5833333333333,0.886249837140185,360,1.0,2020-03-31 16:00:00-04:00,True
GOOG,1082.0,3967.0,4184.0,348.6666666666667,1.1305099272728034,360,1.0,2020-04-30 16:00:00-04:00,True
GOOG,663.0,2243.0,4296.0,358.0,0.614959760988155,360,1.0,2020-05-29 16:00:00-04:00,True
GOOG,554.0,2042.0,4282.0,356.8333333333333,0.43890078509570873,360,1.0,2020-06-30 16:00:00-04:00,True
IBM,73.0,93.0,389.0,32.416666666666664,0.7950103156856012,360,1.0,2014-01-31 16:00:00-05:00,True
IBM,45.0,74.0,397.0,33.083333333333336,0.2998328902342937,360,1.0,2014-02-28 16:00:00-05:00,True
IBM,67.0,114.0,401.0,33.416666666666664,0.6809667620030746,360,1.0,2014-03-31 16:00:00-04:00,True
IBM,128.0,205.0,408.0,34.0,1.3044643428722584,360,1.0,2014-04-30 16:00:00-04:00,True
IBM,43.0,71.0,429.0,35.75,0.18005140825941535,360,1.0,2014-05-30 16:00:00-04:00,True
IBM,42.0,84.0,426.0,35.5,0.1638878551051164,360,1.0,2014-06-30 16:00:00-04:00,True
IBM,221.0,425.0,422.0,35.166666666666664,1.814539497559875,360,1.0,2014-07-31 16:00:00-04:00,True
IBM,31.0,42.0,561.0,46.75,-0.40024316412701255,360,1.0,2014-08-29 16:00:00-04:00,True
IBM,42.0,63.0,551.0,45.916666666666664,-0.08717286265812785,360,1.0,2014-09-30 16:00:00-04:00,True
IBM,104.0,152.0,550.0,45.833333333333336,0.8073651500518322,360,1.0,2014-10-31 16:00:00-04:00,True
IBM,63.0,78.0,554.0,46.166666666666664,0.30519565494448875,360,1.0,2014-11-28 16:00:00-05:00,True
IBM,96.0,184.0,558.0,46.5,0.7139812674627875,360,1.0,2014-12-31 16:00:00-05:00,True
IBM,118.0,185.0,600.0,50.0,0.8472978603872039,360,1.0,2015-01-30 16:00:00-05:00,True
IBM,70.0,105.0,622.0,51.833333333333336,0.29553757239208966,360,1.0,2015-02-27 16:00:00-05:00,True
IBM,55.0,110.0,638.0,53.166666666666664,0.0332859776334673,360,1.0,2015-03-31 16:00:00-04:00,True
IBM,112.0,190.0,636.0,53.0,0.7384037721480663,360,1.0,2015-04-30 16:00:00-04:00,True
IBM,46.0,72.0,612.0,51.0,-0.1010961168713691,360,1.0,2015-05-29 16:00:00-04:00,True
IBM,42.0,57.0,611.0,50.916666666666664,-0.18843975330589036,360,1.0,2015-06-30 16:00:00-04:00,True
IBM,112.0,183.0,615.0,51.25,0.7713479278674202,360,1.0,2015-07-31 16:00:00-04:00,True
IBM,56.0,123.0,534.0,44.5,0.22533894187764547,360,1.0,2015-08-31 16:00:00-04:00,True
IBM,48.0,92.0,551.0,45.916666666666664,0.04344731975893623,360,1.0,2015-09-30 16:00:00-04:00,True
IBM,103.0,202.0,550.0,45.833333333333336,0.7977956990356816,360,1.0,2015-10-30 16:00:00-04:00,True
IBM,70.0,119.0,540.0,45.0,0.4340384805522204,360,1.0,2015-11-30 16:00:00-05:00,True
IBM,52.0,86.0,540.0,45.0,0.1416505170630269,360,1.0,2015-12-31 16:00:00-05:00,True
IBM,145.0,254.0,511.0,42.583333333333336,1.2089318074314135,360,1.0,2016-01-29 16:00:00-05:00,True
IBM,75.0,114.0,530.0,44.166666666666664,0.5203739886346854,360,1.0,2016-02-29 16:00:00-05:00,True
IBM,55.0,86.0,537.0,44.75,0.20215989901361953,360,1.0,2016-03-31 16:00:00-04:00,True
IBM,171.0,291.0,541.0,45.083333333333336,1.3170431250791181,360,1.0,2016-04-29 16:00:00-04:00,True
IBM,85.0,120.0,586.0,48.833333333333336,0.5456631920908759,360,1.0,2016-05-31 16:00:00-04:00,True
IBM,41.0,63.0,612.0,51.0,-0.21357410029805912,360,1.0,2016-06-30 16:00:00-04:00,True
IBM,99.0,137.0,617.0,51.416666666666664,0.6459455790756516,360,1.0,2016-07-29 16:00:00-04:00,True
IBM,43.0,56.0,593.0,49.416666666666664,-0.13613217432458002,360,1.0,2016-08-31 16:00:00-04:00,True
IBM,37.0,46.0,597.0,49.75,-0.28932545819551114,360,1.0,2016-09-30 16:00:00-04:00,True
IBM,135.0,215.0,594.0,49.5,0.9906815494547381,360,1.0,2016-10-31 16:00:00-04:00,True
IBM,48.0,93.0,617.0,51.416666666666664,-0.0674043088018137,360,1.0,2016-11-30 16:00:00-05:00,True
IBM,80.0,130.0,613.0,51.083333333333336,0.4416041547240379,360,1.0,2016-12-30 16:00:00-05:00,True
IBM,51.0,87.0,625.0,52.083333333333336,-0.02061928720273576,360,1.0,2017-01-31 16:00:00-05:00,True
IBM,31.0,54.0,577.0,48.083333333333336,-0.4277836310638601,360,1.0,2017-02-28 16:00:00-05:00,True
IBM,33.0,49.0,565.0,47.083333333333336,-0.3465750921039379,360,1.0,2017-03-31 16:00:00-04:00,True
IBM,85.0,132.0,559.0,46.583333333333336,0.5918647363854972,360,1.0,2017-04-28 16:00:00-04:00,True
IBM,61.0,99.0,495.0,41.25,0.383530031241909,360,1.0,2017-05-31 16:00:00-04:00,True
IBM,33.0,75.0,483.0,40.25,-0.19329058816452838,360,1.0,2017-06-30 16:00:00-04:00,True
IBM,53.0,84.0,478.0,39.833333333333336,0.2794853052476025,360,1.0,2017-07-31 16:00:00-04:00,True
IBM,28.0,32.0,452.0,37.666666666666664,-0.2876820724517808,360,1.0,2017-08-31 16:00:00-04:00,True
IBM,15.0,24.0,441.0,36.75,-0.8583967534552523,360,1.0,2017-09-29 16:00:00-04:00,False
IBM,15.0,63.0,419.0,38.20668693009119,-0.8962585949599831,329,0.9138888888888889,2017-10-31 16:00:00-04:00,False
IBM,8.0,34.0,327.0,32.80936454849498,-1.3235132444271516,299,0.8305555555555556,2017-11-30 16:00:00-05:00,False
IBM,5.0,25.0,307.0,34.111111111111114,-1.7667581670226378,270,0.75,2017-12-29 16:00:00-05:00,False
IBM,114.0,228.0,259.0,32.64705882352941,1.2290064810396681,238,0.6611111111111111,2018-01-31 16:00:00-05:00,True
IBM,58.0,109.0,317.0,39.95798319327731,0.36499070283209756,238,0.6611111111111111,2018-02-28 16:00:00-05:00,True
IBM,62.0,123.0,340.0,42.857142857142854,0.36219712785964875,238,0.6611111111111111,2018-03-29 16:00:00-04:00,True
IBM,124.0,263.0,359.0,45.252100840336134,0.9942068508006514,238,0.6611111111111111,2018-04-30 16:00:00-04:00,True
IBM,61.0,109.0,368.0,46.38655462184874,0.2687958543494391,238,0.6611111111111111,2018-05-31 16:00:00-04:00,True
IBM,46.0,72.0,374.0,47.142857142857146,-0.02402517958699013,238,0.6611111111111111,2018-06-29 16:00:00-04:00,True
IBM,80.0,167.0,375.0,47.26890756302521,0.5176615370559086,238,0.6611111111111111,2018-07-31 16:00:00-04:00,True
IBM,49.0,93.0,377.0,47.52100840336134,0.030026138316794793,238,0.6611111111111111,2018-08-31 16:00:00-04:00,True
IBM,52.0,94.0,381.0,47.427385892116185,0.09022643563042321,241,0.6694444444444444,2018-09-28 16:00:00-04:00,True
IBM,197.0,382.0,417.0,45.65693430656934,1.4454454690765495,274,0.7611111111111111,2018-10-31 16:00:00-04:00,True
IBM,81.0,179.0,543.0,53.58552631578947,0.4069504854462447,304,0.8444444444444444,2018-11-30 16:00:00-05:00,True
IBM,60.0,143.0,582.0,52.11940298507463,0.1383315980540849,335,0.9305555555555556,2018-12-31 16:00:00-05:00,True
IBM,154.0,327.0,603.0,50.25,1.1067094989007291,360,1.0,2019-01-31 16:00:00-05:00,True
IBM,69.0,157.0,614.0,51.166666666666664,0.2940515207372614,360,1.0,2019-02-28 16:00:00-05:00,True
IBM,37.0,93.0,611.0,50.916666666666664,-0.3120537092730671,360,1.0,2019-03-29 16:00:00-04:00,True
IBM,118.0,182.0,608.0,50.666666666666664,0.8343106648603928,360,1.0,2019-04-30 16:00:00-04:00,True
IBM,23.0,35.0,601.0,50.083333333333336,-0.7554044558002655,360,1.0,2019-05-31 16:00:00-04:00,True
IBM,21.0,31.0,589.0,49.083333333333336,-0.8226458313888911,360,1.0,2019-06-28 16:00:00-04:00,True
IBM,62.0,88.0,583.0,48.583333333333336,0.23947997063390325,360,1.0,2019-07-31 16:00:00-04:00,True
IBM,34.0,151.0,579.0,48.25,-0.3415613061286842,360,1.0,2019-08-30 16:00:00-04:00,True
IBM,38.0,111.0,581.0,48.416666666666664,-0.2367261030800787,360,1.0,2019-09-30 16:00:00-04:00,True
IBM,69.0,189.0,574.0,47.833333333333336,0.3600821022603471,360,1.0,2019-10-31 16:00:00-04:00,True
IBM,18.0,29.0,491.0,40.916666666666664,-0.7912445411452986,360,1.0,2019-11-29 16:00:00-05:00,True
IBM,21.0,41.0,450.0,37.5,-0.5596157879354227,360,1.0,2019-12-31 16:00:00-05:00,True
IBM,94.0,168.0,426.0,35.5,0.9565646310120948,360,1.0,2020-01-31 16:00:00-05:00,True
IBM,90.0,139.0,385.0,32.083333333333336,1.0118298756176594,360,1.0,2020-02-28 16:00:00-05:00,True
IBM,25.0,72.0,403.0,33.583333333333336,-0.28527533242121583,360,1.0,2020-03-31 16:00:00-04:00,True
IBM,66.0,119.0,398.0,33.166666666666664,0.6734421094806127,360,1.0,2020-04-30 16:00:00-04:00,True
IBM,48.0,79.0,357.0,29.75,0.46593030385809975,360,1.0,2020-05-29 16:00:00-04:00,True
IBM,43.0,75.0,381.0,31.75,0.2952866718370002,360,1.0,2020-06-30 16:00:00-04:00,True
MGM,6.0,10.0,60.0,5.0,0.15415067982725827,360,1.0,2014-01-31 16:00:00-05:00,True
MGM,17.0,25.0,62.0,5.166666666666667,1.0712133144799951,360,1.0,2014-02-28 16:00:00-05:00,True
MGM,5.0,9.0,75.0,6.25,-0.1892419996385284,360,1.0,2014-03-31 16:00:00-04:00,True
MGM,10.0,11.0,75.0,6.25,0.4168938039317873,360,1.0,2014-04-30 16:00:00-04:00,True
MGM,5.0,5.0,74.0,6.166666666666667,-0.17768117723745247,360,1.0,2014-05-30 16:00:00-04:00,True
MGM,7.0,10.0,72.0,6.0,0.13353139262452252,360,1.0,2014-06-30 16:00:00-04:00,True
MGM,5.0,8.0,73.0,6.083333333333333,-0.16598513747426114,360,1.0,2014-07-31 16:00:00-04:00,True
MGM,6.0,9.0,70.0,5.833333333333333,0.02409755157906046,360,1.0,2014-08-29 16:00:00-04:00,True
MGM,6.0,7.0,64.0,5.333333333333333,0.10008345855698253,360,1.0,2014-09-30 16:00:00-04:00,True
MGM,8.0,9.0,59.0,4.916666666666667,0.41945135008290446,360,1.0,2014-10-31 16:00:00-04:00,True
MGM,1.0,1.0,64.0,5.333333333333333,-1.1526795099383853,360,1.0,2014-11-28 16:00:00-05:00,False
MGM,8.0,8.0,61.0,5.083333333333333,0.39167178597582875,360,1.0,2014-12-31 16:00:00-05:00,True
MGM,6.0,10.0,63.0,5.25,0.11332868530700302,360,1.0,2015-01-30 16:00:00-05:00,True
MGM,6.0,12.0,63.0,5.25,0.11332868530700302,360,1.0,2015-02-27 16:00:00-05:00,True
MGM,3.0,3.0,58.0,4.833333333333333,-0.377294231141468,360,1.0,2015-03-31 16:00:00-04:00,False
MGM,7.0,13.0,55.0,4.583333333333333,0.35965557207687016,360,1.0,2015-04-30 16:00:00-04:00,True
MGM,9.0,13.0,57.0,4.75,0.5533852381847868,360,1.0,2015-05-29 16:00:00-04:00,True
MGM,6.0,8.0,61.0,5.083333333333333,0.1403573576949224,360,1.0,2015-06-30 16:00:00-04:00,True
MGM,4.0,4.0,60.0,5.0,-0.18232155679395468,360,1.0,2015-07-31 16:00:00-04:00,False
MGM,15.0,17.0,57.0,4.75,1.023388867430522,360,1.0,2015-08-31 16:00:00-04:00,True
MGM,3.0,3.0,69.0,5.75,-0.523248143764548,360,1.0,2015-09-30 16:00:00-04:00,False
MGM,7.0,8.0,67.0,5.583333333333333,0.1949003390008146,360,1.0,2015-10-30 16:00:00-04:00,True
MGM,4.0,4.0,65.0,5.416666666666667,-0.24946085963158326,360,1.0,2015-11-30 16:00:00-05:00,False
MGM,2.0,2.0,66.0,5.5,-0.7731898882334816,360,1.0,2015-12-31 16:00:00-05:00,False
MGM,1.0,1.0,63.0,5.25,-1.1394342831883648,360,1.0,2016-01-29 16:00:00-05:00,False
MGM,7.0,8.0,61.0,5.083333333333333,0.27388875031944493,360,1.0,2016-02-29 16:00:00-05:00,True
MGM,2.0,2.0,61.0,5.083333333333333,-0.706940502692281,360,1.0,2016-03-31 16:00:00-04:00,False
MGM,3.0,3.0,59.0,4.916666666666667,-0.39147886613342453,360,1.0,2016-04-29 16:00:00-04:00,False
MGM,4.0,4.0,51.0,4.25,-0.04879016416943216,360,1.0,2016-05-31 16:00:00-04:00,False
MGM,10.0,11.0,52.0,4.333333333333333,0.7239188392266991,360,1.0,2016-06-30 16:00:00-04:00,True
MGM,1.0,1.0,56.0,4.666666666666667,-1.0414538748281612,360,1.0,2016-07-29 16:00:00-04:00,False
MGM,3.0,3.0,45.0,3.75,-0.17185025692665934,360,1.0,2016-08-31 16:00:00-04:00,False
MGM,2.0,2.0,43.0,3.5833333333333335,-0.4238142467763608,360,1.0,2016-09-30 16:00:00-04:00,False
MGM,5.0,7.0,42.0,3.5,0.2876820724517808,360,1.0,2016-10-31 16:00:00-04:00,True
MGM,9.0,9.0,37.0,3.0833333333333335,0.8956714446714196,360,1.0,2016-11-30 16:00:00-05:00,True
MGM,5.0,5.0,39.0,3.25,0.3448404862917296,360,1.0,2016-12-30 16:00:00-05:00,True
MGM,2.0,2.0,42.0,3.5,-0.4054651081081644,360,1.0,2017-01-31 16:00:00-05:00,False
MGM,7.0,8.0,41.0,3.4166666666666665,0.5940562779157144,360,1.0,2017-02-28 16:00:00-05:00,True
MGM,3.0,3.0,41.0,3.4166666666666665,-0.09909090264423082,360,1.0,2017-03-31 16:00:00-04:00,False
MGM,4.0,5.0,42.0,3.5,0.10536051565782611,360,1.0,2017-04-28 16:00:00-04:00,False
MGM,2.0,2.0,37.0,3.0833333333333335,-0.30830135965451655,360,1.0,2017-05-31 16:00:00-04:00,False
MGM,1.0,1.0,31.0,2.5833333333333335,-0.583146285345617,360,1.0,2017-08-31 16:00:00-04:00,False
MGM,6.0,10.0,29.0,2.4166666666666665,0.7172447321390059,360,1.0,2017-09-29 16:00:00-04:00,False
MGM,5.0,14.0,29.0,2.6443768996960486,0.4985740649659125,329,0.9138888888888889,2017-10-31 16:00:00-04:00,False
MGM,3.0,6.0,25.0,2.508361204013378,0.13114532611427987,299,0.8305555555555556,2017-11-30 16:00:00-05:00,False
MGM,5.0,11.0,20.0,2.2222222222222223,0.6216882165778004,270,0.75,2017-12-29 16:00:00-05:00,False
MGM,19.0,56.0,17.0,2.142857142857143,1.8505999692509882,238,0.6611111111111111,2018-01-31 16:00:00-05:00,True
MGM,27.0,66.0,29.0,3.6554621848739495,1.7941633165394495,238,0.6611111111111111,2018-02-28 16:00:00-05:00,True
MGM,19.0,35.0,41.0,5.168067226890757,1.1763467380510046,238,0.6611111111111111,2018-03-29 16:00:00-04:00,True
MGM,23.0,72.0,47.0,5.92436974789916,1.2430067935500033,238,0.6611111111111111,2018-04-30 16:00:00-04:00,True
MGM,16.0,45.0,55.0,6.932773109243698,0.7622106710222449,238,0.6611111111111111,2018-05-31 16:00:00-04:00,True
MGM,13.0,32.0,61.0,7.689075630252101,0.47699076765841353,238,0.6611111111111111,2018-06-29 16:00:00-04:00,True
MGM,13.0,36.0,66.0,8.319327731092438,0.40696683537642064,238,0.6611111111111111,2018-07-31 16:00:00-04:00,True
MGM,24.0,57.0,71.0,8.949579831932773,0.9213455025357788,238,0.6611111111111111,2018-08-31 16:00:00-04:00,True
MGM,15.0,36.0,79.0,9.83402489626556,0.38989708703130743,241,0.6694444444444444,2018-09-28 16:00:00-04:00,True
MGM,11.0,28.0,87.0,9.525547445255475,0.13110125777123072,274,0.7611111111111111,2018-10-31 16:00:00-04:00,True
MGM,7.0,10.0,90.0,8.881578947368421,-0.21123076979796807,304,0.8444444444444444,2018-11-30 16:00:00-05:00,True
MGM,9.0,14.0,92.0,8.238805970149254,0.07917243970041588,335,0.9305555555555556,2018-12-31 16:00:00-05:00,True
MGM,10.0,14.0,92.0,7.666666666666667,0.2384110234449981,360,1.0,2019-01-31 16:00:00-05:00,True
MGM,12.0,16.0,92.0,7.666666666666667,0.40546510810816416,360,1.0,2019-02-28 16:00:00-05:00,True
MGM,9.0,9.0,83.0,6.916666666666667,0.2336148511815055,360,1.0,2019-03-29 16:00:00-04:00,True
MGM,13.0,16.0,79.0,6.583333333333333,0.6131044728864086,360,1.0,2019-04-30 16:00:00-04:00,True
MGM,3.0,4.0,74.0,6.166666666666667,-0.5831462853456169,360,1.0,2019-05-31 16:00:00-04:00,False
MGM,3.0,4.0,72.0,6.0,-0.5596157879354227,360,1.0,2019-06-28 16:00:00-04:00,False
MGM,3.0,3.0,70.0,5.833333333333333,-0.5355182363563622,360,1.0,2019-07-31 16:00:00-04:00,False
MGM,1.0,1.0,60.0,5.0,-1.0986122886681096,360,1.0,2019-08-30 16:00:00-04:00,False
MGM,3.0,3.0,47.0,3.9166666666666665,-0.20633643299782856,360,1.0,2019-10-31 16:00:00-04:00,False
MGM,2.0,2.0,43.0,3.5833333333333335,-0.4238142467763608,360,1.0,2019-12-31 16:00:00-05:00,False
MGM,3.0,3.0,42.0,3.5,-0.1177830356563836,360,1.0,2020-01-31 16:00:00-05:00,False
MGM,5.0,6.0,40.0,3.3333333333333335,0.3254224004346278,360,1.0,2020-02-28 16:00:00-05:00,True
MGM,53.0,85.0,36.0,3.0,2.6026896854443837,360,1.0,2020-03-31 16:00:00-04:00,True
MGM,30.0,40.0,77.0,6.416666666666667,1.4302574845410065,360,1.0,2020-04-30 16:00:00-04:00,True
MGM,36.0,62.0,91.0,7.583333333333333,1.4610955742025888,360,1.0,2020-05-29 16:00:00-04:00,True
MGM,89.0,187.0,123.0,10.25,2.0794415416798357,360,1.0,2020-06-30 16:00:00-04:00,True
T,144.0,387.0,697.0,58.083333333333336,0.8977848656764467,360,1.0,2014-01-31 16:00:00-05:00,True
T,136.0,270.0,690.0,57.5,0.8509541715903142,360,1.0,2014-02-28 16:00:00-05:00,True
T,145.0,398.0,730.0,60.833333333333336,0.8591640283289559,360,1.0,2014-03-31 16:00:00-04:00,True
T,199.0,451.0,746.0,62.166666666666664,1.1525406306936654,360,1.0,2014-04-30 16:00:00-04:00,True
T,144.0,374.0,800.0,66.66666666666667,0.7621400520468962,360,1.0,2014-05-30 16:00:00-04:00,True
T,129.0,413.0,824.0,68.66666666666667,0.6238124871588804,360,1.0,2014-06-30 16:00:00-04:00,True
T,151.0,331.0,831.0,69.25,0.771820212632421,360,1.0,2014-07-31 16:00:00-04:00,True
T,113.0,353.0,840.0,70.0,0.4735185713531802,360,1.0,2014-08-29 16:00:00-04:00,True
T,134.0,399.0,845.0,70.41666666666667,0.6367435096286505,360,1.0,2014-09-30 16:00:00-04:00,True
T,177.0,512.0,873.0,72.75,0.8811025550721556,360,1.0,2014-10-31 16:00:00-04:00,True
T,138.0,313.0,900.0,75.0,0.6037405928443604,360,1.0,2014-11-28 16:00:00-05:00,True
T,168.0,396.0,924.0,77.0,0.7731898882334818,360,1.0,2014-12-31 16:00:00-05:00,True
T,198.0,476.0,969.0,80.75,0.8896390149471296,360,1.0,2015-01-30 16:00:00-05:00,True
T,135.0,324.0,989.0,82.41666666666667,0.48880675620883185,360,1.0,2015-02-27 16:00:00-05:00,True
T,212.0,503.0,986.0,82.16666666666667,0.9404455391859621,360,1.0,2015-03-31 16:00:00-04:00,True
T,165.0,368.0,1010.0,84.16666666666667,0.6673776673808938,360,1.0,2015-04-30 16:00:00-04:00,True
T,111.0,282.0,983.0,81.91666666666667,0.3006627839245013,360,1.0,2015-05-29 16:00:00-04:00,True
T,136.0,265.0,953.0,79.41666666666667,0.5327594742771398,360,1.0,2015-06-30 16:00:00-04:00,True
T,171.0,418.0,971.0,80.91666666666667,0.7417920064542862,360,1.0,2015-07-31 16:00:00-04:00,True
T,151.0,348.0,979.0,81.58333333333333,0.610072636304289,360,1.0,2015-08-31 16:00:00-04:00,True
T,154.0,379.0,992.0,82.66666666666667,0.6165844664555724,360,1.0,2015-09-30 16:00:00-04:00,True
T,175.0,455.0,980.0,81.66666666666667,0.7556675375412789,360,1.0,2015-10-30 16:00:00-04:00,True
T,131.0,398.0,966.0,80.5,0.48219890233955365,360,1.0,2015-11-30 16:00:00-05:00,True
T,135.0,406.0,966.0,80.5,0.5120518654892354,360,1.0,2015-12-31 16:00:00-05:00,True
T,270.0,764.0,938.0,78.16666666666667,1.2305634860731152,360,1.0,2016-01-29 16:00:00-05:00,True
T,223.0,579.0,988.0,82.33333333333333,0.9887974226609026,360,1.0,2016-02-29 16:00:00-05:00,True
T,178.0,585.0,1004.0,83.66666666666667,0.7486638274903283,360,1.0,2016-03-31 16:00:00-04:00,True
T,208.0,600.0,998.0,83.16666666666667,0.9095352919175062,360,1.0,2016-04-29 16:00:00-04:00,True
T,196.0,552.0,1011.0,84.25,0.8376156125743623,360,1.0,2016-05-31 16:00:00-04:00,True
T,232.0,609.0,1051.0,87.58333333333333,0.9670947250117523,360,1.0,2016-06-30 16:00:00-04:00,True
T,267.0,559.0,1081.0,90.08333333333333,1.0792121421223184,360,1.0,2016-07-29 16:00:00-04:00,True
T,186.0,436.0,1148.0,95.66666666666667,0.6598399825421764,360,1.0,2016-08-31 16:00:00-04:00,True
T,186.0,428.0,1163.0,96.91666666666667,0.6469918400643282,360,1.0,2016-09-30 16:00:00-04:00,True
T,373.0,897.0,1179.0,98.25,1.3266138778472323,360,1.0,2016-10-31 16:00:00-04:00,True
T,190.0,538.0,1343.0,111.91666666666667,0.5256233445208291,360,1.0,2016-11-30 16:00:00-05:00,True
T,186.0,508.0,1385.0,115.41666666666667,0.4739329073856249,360,1.0,2016-12-30 16:00:00-05:00,True
T,198.0,515.0,1412.0,117.66666666666667,0.5169863825405718,360,1.0,2017-01-31 16:00:00-05:00,True
T,164.0,424.0,1390.0,115.83333333333333,0.3451970560940456,360,1.0,2017-02-28 16:00:00-05:00,True
T,156.0,346.0,1366.0,113.83333333333333,0.3127640035627044,360,1.0,2017-03-31 16:00:00-04:00,True
T,233.0,576.0,1379.0,114.91666666666667,0.7024495732222586,360,1.0,2017-04-28 16:00:00-04:00,True
T,256.0,760.0,1405.0,117.08333333333333,0.7776854949925402,360,1.0,2017-05-31 16:00:00-04:00,True
T,172.0,576.0,1458.0,121.5,0.3451805645129973,360,1.0,2017-06-30 16:00:00-04:00,True
T,437.0,1350.0,1437.0,119.75,1.288496617843764,360,1.0,2017-07-31 16:00:00-04:00,True
T,184.0,414.0,1547.0,128.91666666666666,0.3534626058085486,360,1.0,2017-08-31 16:00:00-04:00,True
T,65.0,347.0,1527.0,127.25,-0.6643267420244534,360,1.0,2017-09-29 16:00:00-04:00,False
T,58.0,473.0,1449.0,132.12765957446808,-0.8137710703825851,329,0.9138888888888889,2017-10-31 16:00:00-04:00,False
T,106.0,905.0,1258.0,126.22073578595318,-0.17309482034342505,299,0.8305555555555556,2017-11-30 16:00:00-05:00,False
T,76.0,467.0,1166.0,129.55555555555554,-0.5279934273883553,270,0.75,2017-12-29 16:00:00-05:00,False
T,334.0,1012.0,1076.0,135.63025210084032,0.8968521443410404,238,0.6611111111111111,2018-01-31 16:00:00-05:00,True
T,275.0,753.0,1205.0,151.890756302521,0.590677210446672,238,0.6611111111111111,2018-02-28 16:00:00-05:00,True
T,231.0,731.0,1255.0,158.19327731092437,0.37661832709410703,238,0.6611111111111111,2018-03-29 16:00:00-04:00,True
T,374.0,1073.0,1269.0,159.9579831932773,0.8457826690003758,238,0.6611111111111111,2018-04-30 16:00:00-04:00,True
T,428.0,1371.0,1319.0,166.26050420168067,0.9419044165006403,238,0.6611111111111111,2018-05-31 16:00:00-04:00,True
T,711.0,2398.0,1461.0,184.1596638655462,1.3468594106234955,238,0.6611111111111111,2018-06-29 16:00:00-04:00,True
T,753.0,3152.0,1819.0,229.28571428571428,1.1860715939966964,238,0.6611111111111111,2018-07-31 16:00:00-04:00,True
T,548.0,2391.0,1947.0,245.42016806722688,0.8010603622775827,238,0.6611111111111111,2018-08-31 16:00:00-04:00,True
T,499.0,2143.0,2036.0,253.44398340248964,0.6755273911670479,241,0.6694444444444444,2018-09-28 16:00:00-04:00,True
T,429.0,1363.0,2233.0,244.4890510948905,0.5605328608390554,274,0.7611111111111111,2018-10-31 16:00:00-04:00,True
T,381.0,1341.0,2376.0,234.47368421052633,0.48382144572294106,304,0.8444444444444444,2018-11-30 16:00:00-05:00,True
T,503.0,2052.0,2510.0,224.77611940298507,0.8030323819001355,335,0.9305555555555556,2018-12-31 16:00:00-05:00,True
T,458.0,1464.0,2660.0,221.66666666666666,0.7233743251920091,360,1.0,2019-01-31 16:00:00-05:00,True
T,474.0,1609.0,2655.0,221.25,0.7595119296406274,360,1.0,2019-02-28 16:00:00-05:00,True
T,447.0,1505.0,2743.0,228.58333333333334,0.6685271606159704,360,1.0,2019-03-29 16:00:00-04:00,True
T,685.0,2384.0,2826.0,235.5,1.0649294197938968,360,1.0,2019-04-30 16:00:00-04:00,True
T,314.0,815.0,2937.0,244.75,0.24825787979835745,360,1.0,2019-05-31 16:00:00-04:00,True
T,414.0,1378.0,2877.0,239.75,0.5445194695524629,360,1.0,2019-06-28 16:00:00-04:00,True
T,574.0,1878.0,2749.0,229.08333333333334,0.9159284786551964,360,1.0,2019-07-31 16:00:00-04:00,True
T,383.0,1154.0,2664.0,222.0,0.543470781127608,360,1.0,2019-08-30 16:00:00-04:00,True
T,472.0,1390.0,2601.0,216.75,0.7757477727593205,360,1.0,2019-09-30 16:00:00-04:00,True
T,499.0,1630.0,2621.0,218.41666666666666,0.8236355887138824,360,1.0,2019-10-31 16:00:00-04:00,True
T,422.0,1418.0,2665.0,222.08333333333334,0.6398267853139252,360,1.0,2019-11-29 16:00:00-05:00,True
T,289.0,1116.0,2694.0,224.5,0.2515607640377864,360,1.0,2019-12-31 16:00:00-05:00,True
T,413.0,1537.0,2607.0,217.25,0.640224779105603,360,1.0,2020-01-31 16:00:00-05:00,True
T,372.0,1274.0,2601.0,216.75,0.5382308039112038,360,1.0,2020-02-28 16:00:00-05:00,True
T,511.0,1558.0,2588.0,215.66666666666666,0.859964550817935,360,1.0,2020-03-31 16:00:00-04:00,True
T,694.0,2392.0,2645.0,220.41666666666666,1.143865549592979,360,1.0,2020-04-30 16:00:00-04:00,True
T,632.0,2414.0,2723.0,226.91666666666666,1.021490357076095,360,1.0,2020-05-29 16:00:00-04:00,True
T,593.0,1945.0,2942.0,245.16666666666666,0.8808705060593205,360,1.0,2020-06-30 16:00:00-04:00,True
TSLA,1258.0,8363.0,5196.0,433.0,1.065028499943942,360,1.0,2014-01-31 16:00:00-05:00,True
TSLA,2095.0,16982.0,5502.0,458.5,1.5176471036451913,360,1.0,2014-02-28 16:00:00-05:00,True
TSLA,1477.0,8692.0,6234.0,519.5,1.043655213453123,360,1.0,2014-03-31 16:00:00-04:00,True
TSLA,1247.0,7121.0,6622.0,551.8333333333334,0.8142409792103757,360,1.0,2014-04-30 16:00:00-04:00,True
TSLA,1227.0,6622.0,6870.0,572.5,0.761384172137662,360,1.0,2014-05-30 16:00:00-04:00,True
TSLA,1054.0,6439.0,6678.0,556.5,0.6378335425758932,360,1.0,2014-06-30 16:00:00-04:00,True
TSLA,1058.0,5998.0,6731.0,560.9166666666666,0.6337267866548251,360,1.0,2014-07-31 16:00:00-04:00,True
TSLA,1409.0,9454.0,6725.0,560.4166666666666,0.9208816321995545,360,1.0,2014-08-29 16:00:00-04:00,True
TSLA,1382.0,9061.0,6730.0,560.8333333333334,0.9008050856587531,360,1.0,2014-09-30 16:00:00-04:00,True
TSLA,1437.0,9190.0,6784.0,565.3333333333334,0.9318257052771699,360,1.0,2014-10-31 16:00:00-04:00,True
TSLA,1165.0,6643.0,6927.0,577.25,0.7013280657988892,360,1.0,2014-11-28 16:00:00-05:00,True
TSLA,956.0,5831.0,6443.0,536.9166666666666,0.5760997379602122,360,1.0,2014-12-31 16:00:00-05:00,True
TSLA,1041.0,6075.0,6425.0,535.4166666666666,0.6639860000486966,360,1.0,2015-01-30 16:00:00-05:00,True
TSLA,1446.0,8266.0,6398.0,533.1666666666666,0.9965398265047689,360,1.0,2015-02-27 16:00:00-05:00,True
TSLA,1295.0,9284.0,6065.0,505.4166666666667,0.9396780945648651,360,1.0,2015-03-31 16:00:00-04:00,True
TSLA,1129.0,7038.0,5993.0,499.4166666666667,0.8145318269803026,360,1.0,2015-04-30 16:00:00-04:00,True
TSLA,1393.0,9027.0,6005.0,500.4166666666667,1.0224951658881176,360,1.0,2015-05-29 16:00:00-04:00,True
TSLA,929.0,4974.0,6111.0,509.25,0.6002837844573472,360,1.0,2015-06-30 16:00:00-04:00,True
TSLA,1196.0,7499.0,6119.0,509.9166666666667,0.8513672075832854,360,1.0,2015-07-31 16:00:00-04:00,True
TSLA,1600.0,10333.0,6147.0,512.25,1.1376206570976715,360,1.0,2015-08-31 16:00:00-04:00,True
TSLA,927.0,5559.0,6288.0,524.0,0.5696334701945771,360,1.0,2015-09-30 16:00:00-04:00,True
TSLA,1281.0,7586.0,6162.0,513.5,0.9129810822065112,360,1.0,2015-10-30 16:00:00-04:00,True
TSLA,1184.0,5115.0,6120.0,510.0,0.8411284633655267,360,1.0,2015-11-30 16:00:00-05:00,True
TSLA,668.0,3196.0,6142.0,511.8333333333333,0.265833154034242,360,1.0,2015-12-31 16:00:00-05:00,True
TSLA,884.0,3637.0,6104.0,508.6666666666667,0.5518307277469763,360,1.0,2016-01-29 16:00:00-05:00,True
TSLA,1676.0,9606.0,6073.0,506.0833333333333,1.1960864061895817,360,1.0,2016-02-29 16:00:00-05:00,True
TSLA,1383.0,8280.0,6250.0,520.8333333333334,0.975384884079264,360,1.0,2016-03-31 16:00:00-04:00,True
TSLA,2040.0,15258.0,6317.0,526.4166666666666,1.3532042878225399,360,1.0,2016-04-29 16:00:00-04:00,True
TSLA,1728.0,10987.0,6639.0,553.25,1.1376826371868702,360,1.0,2016-05-31 16:00:00-04:00,True
TSLA,1885.0,11786.0,7008.0,584.0,1.1706016159615462,360,1.0,2016-06-30 16:00:00-04:00,True
TSLA,1460.0,9373.0,7428.0,619.0,0.8571569337115621,360,1.0,2016-07-29 16:00:00-04:00,True
TSLA,1507.0,7203.0,7334.0,611.1666666666666,0.9015349719762895,360,1.0,2016-08-31 16:00:00-04:00,True
TSLA,1391.0,7777.0,7475.0,622.9166666666666,0.8024800284516802,360,1.0,2016-09-30 16:00:00-04:00,True
TSLA,1815.0,10759.0,7675.0,639.5833333333334,1.0420123396001069,360,1.0,2016-10-31 16:00:00-04:00,True
TSLA,1346.0,7583.0,7805.0,650.4166666666666,0.7264856979780339,360,1.0,2016-11-30 16:00:00-05:00,True
TSLA,1148.0,6043.0,8035.0,669.5833333333334,0.5384992974906231,360,1.0,2016-12-30 16:00:00-05:00,True
TSLA,1232.0,6801.0,8132.0,677.6666666666666,0.5970754141620409,360,1.0,2017-01-31 16:00:00-05:00,True
TSLA,2273.0,14466.0,8263.0,688.5833333333334,1.1932081238532186,360,1.0,2017-02-28 16:00:00-05:00,True
TSLA,1374.0,10194.0,8648.0,720.6666666666666,0.6446456583321911,360,1.0,2017-03-31 16:00:00-04:00,True
TSLA,2336.0,17353.0,8552.0,712.6666666666666,1.1862073346172854,360,1.0,2017-04-28 16:00:00-04:00,True
TSLA,2417.0,17643.0,8783.0,731.9166666666666,1.1936640237910794,360,1.0,2017-05-31 16:00:00-04:00,True
TSLA,2651.0,20292.0,9327.0,777.25,1.2260215419840357,360,1.0,2017-06-30 16:00:00-04:00,True
TSLA,3077.0,24616.0,9649.0,804.0833333333334,1.3410895226693142,360,1.0,2017-07-31 16:00:00-04:00,True
TSLA,2317.0,15961.0,10304.0,858.6666666666666,0.9919153066864617,360,1.0,2017-08-31 16:00:00-04:00,True
TSLA,412.0,2424.0,10608.0,884.0,-0.7621400520468962,360,1.0,2017-09-29 16:00:00-04:00,False
TSLA,561.0,2737.0,10266.0,936.1094224924012,-0.5112982051342092,329,0.9138888888888889,2017-10-31 16:00:00-04:00,False
TSLA,1140.0,5067.0,9591.0,962.3076923076923,0.16928747475957984,299,0.8305555555555556,2017-11-30 16:00:00-05:00,False
TSLA,286.0,1830.0,9200.0,1022.2222222222222,-1.2712297526255263,270,0.75,2017-12-29 16:00:00-05:00,False
TSLA,1652.0,10927.0,8844.0,1114.7899159663866,0.39302921994246987,238,0.6611111111111111,2018-01-31 16:00:00-05:00,True
TSLA,1827.0,9755.0,9314.0,1174.0336134453783,0.44192571865745744,238,0.6611111111111111,2018-02-28 16:00:00-05:00,True
TSLA,2401.0,14787.0,9182.0,1157.3949579831933,0.7292663335877068,238,0.6611111111111111,2018-03-29 16:00:00-04:00,True
TSLA,2697.0,22916.0,9752.0,1229.2436974789916,0.7852984799943039,238,0.6611111111111111,2018-04-30 16:00:00-04:00,True
TSLA,3130.0,28412.0,9855.0,1242.2268907563025,0.9236421116732227,238,0.6611111111111111,2018-05-31 16:00:00-04:00,True
TSLA,2899.0,32162.0,10541.0,1328.6974789915967,0.7797592800363944,238,0.6611111111111111,2018-06-29 16:00:00-04:00,True
TSLA,3166.0,30379.0,10233.0,1289.873949579832,0.8974652982746552,238,0.6611111111111111,2018-07-31 16:00:00-04:00,True
TSLA,6233.0,75799.0,9920.0,1250.420168067227,1.6057391404894776,238,0.6611111111111111,2018-08-31 16:00:00-04:00,True
TSLA,5565.0,45387.0,12234.0,1522.9045643153527,1.2954008296403936,241,0.6694444444444444,2018-09-28 16:00:00-04:00,True
TSLA,4853.0,45295.0,14928.0,1634.4525547445255,1.087883549362326,274,0.7611111111111111,2018-10-31 16:00:00-04:00,True
TSLA,2153.0,16264.0,16379.0,1616.3486842105262,0.2865383848916023,304,0.8444444444444444,2018-11-30 16:00:00-05:00,True
TSLA,2224.0,17969.0,16811.0,1505.4626865671642,0.38999260462934604,335,0.9305555555555556,2018-12-31 16:00:00-05:00,True
TSLA,3268.0,23507.0,17132.0,1427.6666666666667,0.8277425193587984,360,1.0,2019-01-31 16:00:00-05:00,True
TSLA,3104.0,22999.0,17511.0,1459.25,0.7544060614471597,360,1.0,2019-02-28 16:00:00-05:00,True
TSLA,4403.0,40863.0,17807.0,1483.9166666666667,1.087154564903157,360,1.0,2019-03-29 16:00:00-04:00,True
TSLA,4895.0,41268.0,18317.0,1526.4166666666667,1.1648406900083144,360,1.0,2019-04-30 16:00:00-04:00,True
TSLA,5343.0,49651.0,19145.0,1595.4166666666667,1.2082129019393806,360,1.0,2019-05-31 16:00:00-04:00,True
TSLA,3602.0,34309.0,20239.0,1686.5833333333333,0.7584693065046455,360,1.0,2019-06-28 16:00:00-04:00,True
TSLA,3960.0,29284.0,20261.0,1688.4166666666667,0.8521132169417225,360,1.0,2019-07-31 16:00:00-04:00,True
TSLA,2014.0,13954.0,20575.0,1714.5833333333333,0.16086603655947496,360,1.0,2019-08-30 16:00:00-04:00,True
TSLA,1869.0,12089.0,19088.0,1590.6666666666667,0.16115674560191184,360,1.0,2019-09-30 16:00:00-04:00,True
TSLA,4365.0,29966.0,16912.0,1409.3333333333333,1.1300211750579319,360,1.0,2019-10-31 16:00:00-04:00,True
TSLA,4349.0,36148.0,16940.0,1411.6666666666667,1.1246966739225952,360,1.0,2019-11-29 16:00:00-05:00,True
TSLA,4156.0,36154.0,17835.0,1486.25,1.0278648831846224,360,1.0,2019-12-31 16:00:00-05:00,True
TSLA,8969.0,86342.0,18563.0,1546.9166666666667,1.7569757352548825,360,1.0,2020-01-31 16:00:00-05:00,True
TSLA,13894.0,150666.0,20866.0,1738.8333333333333,2.0777397399963604,360,1.0,2020-02-28 16:00:00-05:00,True
TSLA,7162.0,69710.0,26341.0,2195.0833333333335,1.1822534169211796,360,1.0,2020-03-31 16:00:00-04:00,True
TSLA,8119.0,68559.0,27663.0,2305.25,1.2587073253668866,360,1.0,2020-04-30 16:00:00-04:00,True
TSLA,8726.0,64448.0,28900.0,2408.3333333333335,1.2870715841193014,360,1.0,2020-05-29 16:00:00-04:00,True
TSLA,7860.0,49517.0,30568.0,2547.3333333333335,1.1264742740987046,360,1.0,2020-06-30 16:00:00-04:00,True
